ID,comp,duration,meanfreq,dfrange,modindx,dfslope,enddom,meanpeakf,startdom,sd,maxdom,time.ent,mindom,meandom,sfm,entropy,time.Q75,sp.ent,kurt,skew,time.IQR,time.median,freq.IQR,freq.median,freq.Q25,time.Q25,freq.Q75
f002_m098,rap,0.041300237662153,0.399150771939741,1.32740314269817,2.26226755518172,10.9974550607829,0.625169842500919,0.329454483934581,1.68471975640392,0.313062354568959,1.33929271409349,0.015011461782652,0.038519764768649,0.513226169764102,0.045194585852494,0.014986778359604,0.023907980748779,0.01464158107117,27.5505631144173,1.30140033936756,0.007683663644494,0.019908950665668,0.499557907057014,0.483494301934352,0.300209572181465,0.021003709152191,0.624942182611795
f002_m098,thump,1.14398920287693,0.448973357464847,1.86008148981476,15.8641832719941,0.33481855697169,0.557854561651891,0.031678775198561,0.093835052457844,0.23059156565074,1.86008148981476,0.006149944401398,0,0.101482729670703,0.03116668662529,0.046061332194106,0.772413045992072,0.053017871051753,518.623413714782,7.9561315917235,0.561179682985709,0.43484719034175,0.766866001505938,0.44413884368043,0.119231494569831,0.296817994741161,0.817986282783425
f004_m100,rap,0.033081350733888,0.583822485923846,4.38279772620338,1.28317103126116,19.7259834710497,1.29317030989521,0.247617889959206,1.80138570225791,0.413162712826333,4.45678663503496,0.020782402338703,0.150748611383867,0.766224262990587,0.065400772671622,0.020344651806252,0.028958617428784,0.014268715335659,11.3163466315694,0.799952960228727,0.015772020341235,0.023806627320352,1.07355039652946,0.637543523876791,0.295586142337039,0.019519007422529,1.16844469095964
f004_m100,thump,0.762863867112721,1.66663912171589,7.71794926992054,3.20704024063002,1.71515436984056,2.54934056834668,0.03967603708233,1.0494426964922,0.784625104074842,7.71794926992054,0.005078122366476,0,0.329212227664336,0.070956015472866,0.016892594284542,0.536956080827823,0.016678097463902,184.281018072728,4.10212556827188,0.41130220794429,0.2925750591436,4.33141197797082,1.95391113658421,0.280864409460709,0.163882843726718,4.48397694563657
f005_m079,rap,0.028572048595504,0.639384297282674,4.91402206842201,1.1360397159719,11.3702705282475,0.94041844279354,0.376687355122332,1.47565340023841,0.388754168940869,4.91402206842201,0.011282008477778,0,0.486005815421977,0.071333082452602,0.015652760557374,0.015579202734918,0.016141266766315,151.483379996351,3.98845778236896,0.008577234105304,0.014364923044404,1.28004703950067,0.703452391373212,0.217474878704144,0.011637083863056,1.34093661658302
f005_m079,thump,0.235424857284293,1.09164573615963,8.06744203688879,5.05212750679925,0.203872330171727,0.053022240617526,0.035487326397556,0.321794478413039,0.58825883869175,8.06744203688879,0.001968605502997,0,0.162542521182783,0.059745695340038,0.024019036971839,0.158740002500768,0.027629843783486,777.124629585569,8.30973115921334,0.171804829866394,0.129118299559502,3.74667579649039,0.867576078021621,0.243783914389315,0.146935626975629,3.91346089221978
f006_m131,rap,0.051047785364078,0.783463107718595,2.95121418700782,1.59422974884149,19.1739178652089,1.30790432618954,0.09667854346462,3.26858210238894,0.291428120388304,2.95121418700782,0.01288151724152,0,0.926253615462074,0.071019883431231,0.026669661460124,0.032634028664262,0.023150623628544,380.273481075336,8.95136743870649,0.014218158492654,0.02751039368454,0.503892902458276,0.916679721808099,0.718634492055309,0.02359434629416,1.00100938488261
f006_m131,thump,0.642842102586636,0.874013077206206,6.04895233667268,6.50775834662212,1.66852301975991,1.72973068085467,0.038671417385848,1.73203168060621,0.645655045554869,6.04895233667268,0.004687447172787,0,0.499112209727388,0.069101550918334,0.018668052510513,0.397423237701094,0.021004615458296,916.416659507843,11.1883330121304,0.280274611182036,0.244241292672371,1.71547608890399,0.740687486403894,0.397440379511951,0.175727068335434,1.89201468465042
f007_m024,rap,0.032758183575239,0.540216224329039,2.39439760586821,2.02363829723744,3.34447297018593,0.31674964661175,0.341623121015136,0.779903210221568,0.338112553052365,2.39439760586821,0.009978799676311,0,0.317257085770972,0.071960871891209,0.018910239855537,0.029301486339704,0.019844692269702,106.773532874138,2.94805497007685,0.008007733213863,0.027496698050391,0.924997812781532,0.362831666713878,0.149308947202151,0.025340760308902,1.02646607531105
f007_m024,thump,1.05877670195923,1.38237577270074,4.48332597991553,4.05113799824145,0.509243265003979,0.959066554933958,0,0.455629195106631,0.808278973748933,4.48332597991553,0.006892984102881,0,0.071605947955783,0.048991397704867,0.018645553863733,0.704621377143007,0.017987863965213,1179.71543935673,13.0843789874323,0.60363933808882,0.353590131590969,4.8262355157492,1.06080943331799,0.170385454654316,0.166723927530502,4.81224267376077
f011_m118,rap,0.020521565654454,0.476980594323643,2.84915752612936,1.4002663932945,14.2054551162376,2.4533690838565,0.254823962061133,1.43483572537465,0.400569029387832,2.88046843257849,0.008214699459201,0.173338941458919,0.697761267492879,0.040935171586629,0.013978527079709,0.015968279334512,0.013812557630127,53.7621259370025,2.14464837050822,0.005493475773357,0.014539899235821,0.827227042288115,0.538908301728771,0.328375502291552,0.014574644786649,0.83654145803526
f011_m118,thump,0.975280513195945,1.55167127502856,5.07503911690427,5.12853872695472,1.05454507875101,1.76331061685582,0.035487326397556,1.6648148610919,0.487688433605951,5.07503911690426,0.005596838781958,0,0.14723525592863,0.069177295981825,0.028164047406153,0.73911481932755,0.031862513034953,1062.82960038822,10.2507962474915,0.547261261093271,0.505619771320739,4.33952715703459,2.91268815011407,0.30352590055052,0.22552134327424,4.44268306796384
f015_m008,rap,0.026976176041357,0.215311716363939,2.15139733214958,0.845334571610988,9.05478874603162,0.245854015631655,0.076832315431685,1.35205991592362,0.172945311480687,2.11353106963915,0.011084204695153,0.1494479088019,0.119600012178647,0.034245944746851,0.013838745069845,0.022337264866256,0.01150921797991,14.0509003601218,0.772741691365194,0.007629145694364,0.020069145915852,0.439454924301305,0.242461857933137,0.036640279900429,0.018666984202174,0.459446573478667
f015_m008,thump,0.444603970973628,0.270058446912837,7.82301924806295,10.3634096938988,0.649179868163035,0.809144311969987,0.043235959030512,0.449855590537282,0.250301936366886,7.82301924806295,0.003459650192682,0,0.052242535573549,0.059044040149395,0.028151153097209,0.301466938462415,0.030332513636378,173.974226136637,2.47458348314305,0.194921088869215,0.216093068337009,0.694849212693638,0.194642606014896,0.004964000232126,0.144687574770518,0.697909896459836
f017_m046,rap,0.03955042272947,0.725509440082231,2.84564697908714,2.02003185418699,10.016028022433,0.238600082778866,0.159692968789004,1.8501889925612,0.763598402498452,2.84564697908714,0.0161517938887,0,0.226766308254473,0.041808357258283,0.014827520358185,0.031703688558569,0.018323265208586,235.994862580938,6.07232292282344,0.013242814142723,0.028580843197078,2.15712298309115,0.262316287168436,0.139239768088014,0.02473497682006,2.17345543293594
f017_m046,thump,0.509447796472186,1.23589610617949,5.51935944074758,15.4253723056723,0.254716846892419,0.32227947413424,0.021617979515256,0.068320570040654,0.972020144609031,5.51935944074758,0.003821090820731,0,0.077059928484236,0.112162568196326,0.022839010228721,0.342024983906855,0.02738450675673,321.174155041734,5.14565604121613,0.281697732432124,0.302140498252592,3.95866185503614,0.864709790012641,0.065413194542038,0.292284891281785,3.97937650136768
f018_m010,rap,0.042623914841204,0.416767281232958,6.34881369523201,2.13372459786358,27.6387371749616,0.252242934632015,0.133003521512778,5.20772966504332,0.540766544512815,6.34881369523201,0.015196155948585,0,0.462956502391722,0.049148036418853,0.016272571128951,0.028369152678254,0.019317746066226,246.39574405055,6.86791907673515,0.010145763843961,0.025648973376504,0.820489408242902,0.393413551976503,0.2188042727092,0.021823545482597,0.791602701478483
f018_m010,thump,0.241042438991229,0.49256216196169,4.72532467160123,14.6523749080505,4.41686790789061,3.46349433878758,0,3.89729165157128,0.292602295640427,4.72532467160123,0.002092550107618,0,0.105703357383578,0.069951126787058,0.0230031417787,0.144573948620589,0.025498084632171,305.060795869152,4.97070801082555,0.241259315837607,0.144098554868117,3.49075975811882,0.036732178144894,0.02248490368833,0.125807018804104,3.50057574321969
f019_m026,rap,0.043140014963822,0.286533730643132,2.44398086005793,1.83485946173796,5.92516990488159,0.047383348722871,0,0.988909800905737,0.185739394054037,2.44398086005793,0.015292981812308,0,0.162192595866361,0.037535517878893,0.017403707284853,0.033275692434312,0.020388197078061,119.703561250892,3.59582221470712,0.011304408301571,0.030325554450233,0.379446071823666,0.267941653004133,0.124558519474518,0.026136058012655,0.477191408396924
f019_m026,thump,0.879459260678411,0.840901174319756,4.3929986155521,9.38702579460077,2.24122108661227,2.72913604563844,0,1.38268045913551,0.961629093673187,4.3929986155521,0.005842818814465,0,0.029652113711501,0.046268141564791,0.026898175474388,0.665104230061584,0.029774818601165,516.296073038053,5.76858089124899,0.44992846105533,0.423966125736422,2.32600901325104,0.306358319363509,0.034035442988757,0.235474191677132,2.3279511294697
f021_m077,rap,0.054065922926154,0.660895424028514,6.17511850203926,1.29728828114879,24.1783683884536,5.05136374411128,0.185036718595648,1.39442640542287,0.415174323763587,6.2126638854335,0.018126528607231,0.057779647152973,0.726086171223982,0.056771427448389,0.028540919662448,0.028806432327265,0.028248893611655,374.906430289108,8.76176498384457,0.013952162156877,0.023576429955097,1.23067643537472,0.54168037021137,0.283860138127906,0.019511462123172,1.37586202186988
f021_m077,thump,0.59512853006312,1.2629039460065,8.25555830690705,7.13076883357157,0.701368996408113,0.474765694998207,0.073984098833574,1.11215514077822,0.701286097194315,8.25555830690705,0.00454896918412,0,0.205770835579512,0.064090574654266,0.034054086124383,0.441680400867577,0.037884564652517,710.853904194055,8.75808714647304,0.321552542333086,0.322693673259077,4.31815293243618,0.882128278801853,0.227483765341512,0.193453754085835,4.44303086297099
f030_m066,rap,0.027843700221307,0.349544793086353,1.75616579401579,1.42675596454213,8.0892246432441,0.211489774809227,0.241135991178735,1.40336537378895,0.292774272255887,1.75616579401579,0.009782084005968,0,0.268365925903834,0.04326960426227,0.0152032301505,0.018580476266703,0.015809399657599,38.602397998661,1.69738098856402,0.010189269917855,0.015553857461697,0.694281634042291,0.38674052179426,0.121103071332978,0.012916658268819,0.706661567343243
f030_m066,thump,0.671006912520772,1.276393264251,3.48383325961036,5.04166385647056,0.424055977549988,0.03127796975472,0,0.732003621562643,0.771196815963221,3.48383325961036,0.005154949094498,0,0.142311261460596,0.066103712982063,0.03615939353023,0.524831669476298,0.038388491271861,366.202113851072,5.06684380544788,0.315611412801551,0.382718995995874,4.65378268634101,0.696681652162819,0.150903822353513,0.236066509932443,4.76998955882087
f033_m024,rap,0.034507175643413,0.357081123896767,2.87352974629041,1.80160338315896,13.6444568104408,0.364655081880087,0.346001432376177,2.41493848604471,0.167115147257055,2.88289387383648,0.014287731898136,0.019259882384324,0.255168678828097,0.046902740743918,0.016876291169594,0.021000299945971,0.013531901181755,15.9379525162377,0.862139783456823,0.007555255955293,0.0212181847973,0.832482001196185,0.373041594366561,0.142232275803107,0.020115123955785,0.877181072668063
f033_m024,thump,1.42420263806788,0.637671736402919,5.7598369272238,4.21242360028377,0.208432758959606,0.385197647686487,0,0.170042749613778,0.547755282031332,5.7598369272238,0.007199177679135,0,0.107253550477414,0.075464526348336,0.019561458553607,0.87049975728146,0.022835543374042,118.423460100015,2.06814125924142,0.653981642478022,0.384733911077409,1.42568498752464,0.392657467604061,0.069581825874237,0.305493034522326,1.47281737378954
f035_m065,rap,0.033072977816344,0.47429540518691,5.33771852877005,1.53558858040647,12.9755014541859,1.74648956868179,0.344291083630475,0.514525229387585,0.212525657402167,5.3357192677484,0.011484792605099,0.019259882384324,0.364640307811377,0.059127599882363,0.017217176209954,0.020898128015353,0.017374061910227,19.7774670857642,1.08469587222551,0.008626717333602,0.020772051834531,1.05368837178056,0.348580701492474,0.216533858738083,0.016591415255935,1.20359239149103
f035_m065,thump,0.565067797624451,0.956581050341323,5.66684283346941,8.96928494739693,0.254172484509021,0.512605458820315,0.026615494798167,0.152038186726452,0.592518994821821,5.66684283346941,0.004275296550632,0,0.11425055270073,0.095433622409315,0.030229769398237,0.36122999391079,0.032849622568552,1036.73261708444,11.1548312654192,0.180527926938682,0.324143730276813,4.54585522603251,0.67709706107132,0.105396916241142,0.222726714462009,4.57461530795465
f039_m041,rap,0.031110464335272,0.566591223986805,5.48156369131527,1.27814120027483,23.6183059434067,2.41040697260884,0.208582402419661,4.15311505340404,0.340605157029794,5.47792962078537,0.010570244773676,0.038519764768649,0.469602329879312,0.071239537675719,0.018540148751097,0.023072087412654,0.018256481400943,48.2232547250329,1.78870765194626,0.010154540520321,0.020495521248395,1.07874951420713,0.431106141139214,0.253792428918126,0.01652855780163,1.21350572640521
f039_m041,thump,0.407724399634357,1.47356513960631,7.42962160928709,4.77384817016903,0.283156712369895,0.592988201505461,0,0.135487734713492,0.74596340950109,7.42962160928709,0.003428685756386,0,0.110695072614844,0.042313511399667,0.026375341958614,0.266741803711047,0.030161034784504,1450.10796705839,12.0358052392197,0.225976290536637,0.149177219975339,4.8814765360202,1.3341000975712,0.227316774931547,0.124621005336726,5.03916846700216
f042_m109,rap,0.033275606172973,0.369544392949976,1.62136809102992,0.967401966546743,5.14919072518901,0.14627904194345,0.158393875992806,0.858876651164684,0.335662859771926,1.62136809102992,0.013698978296341,0,0.196755553851574,0.050691864473496,0.017667180963062,0.020925369532596,0.015775843258774,137.73586458355,3.80261006924056,0.008139112649116,0.016028182659474,0.939360000288096,0.366251824042713,0.095335021701847,0.017811819696238,0.975202051168243
f042_m109,thump,0.458130046787158,0.874281098276463,6.65253379954722,4.16359662365229,0.451128146121642,0.41987989268864,0,0.846558923048402,0.604544970909862,6.65253379954722,0.003018650705756,0,0.15973179812778,0.041975366900757,0.021333945465329,0.288637327528645,0.023908146761997,1544.23319039235,13.8207347834432,0.256159060816203,0.138468912515498,3.62537843807168,0.426598314934327,0.09520047919938,0.205357658516144,3.66871939843828
f045_m044,rap,0.031414321141899,0.319113645388048,4.4590376857138,1.35840328000796,15.2076649653426,1.25730771841817,0.271425854679566,1.8652802153138,0.440251528290832,4.56298364364415,0.013262804175268,0.192142127267277,0.494930533609541,0.040130515127211,0.014966778938534,0.032412775188887,0.012988638529868,12.5246457694917,0.924645042350467,0.01345385298507,0.026517604249573,0.549728811313341,0.44113097902152,0.209743974963632,0.021369366793498,0.578293364892497
f045_m044,thump,0.572871683036545,0.800295604015518,6.73472907658443,5.74769068644611,1.64292335067651,1.88139732876524,0.099090852968415,0.878508019876058,0.564825210724792,6.73472907658443,0.0045096935834,0,0.325992202964872,0.056357505164584,0.012505287038157,0.422574928599273,0.011702056990044,198.929732475012,5.02174418267764,0.270317185722622,0.289119591310863,3.00055986921622,0.564203823020258,0.217807490582048,0.182726330090472,2.91758495967892
f048_m023,rap,0.031137423493753,0.366008879800139,1.77144084229187,1.44436294829929,5.9670754324685,0.377492660366014,0.342773176855194,0.947625770649734,0.238223789922119,1.78107468589251,0.013812912532923,0.04214999489335,0.280690601812803,0.046095332678175,0.014320034240162,0.022321737825591,0.015526858749274,9.97996438236359,0.644147825046778,0.010936067906704,0.021544138167367,0.777390669936489,0.357613871639955,0.15708000346843,0.017918661569352,0.876905827884088
f048_m023,thump,0.732261644398236,0.667345358495283,6.71436393759645,3.47521479558818,0.75786561691653,1.74528186162412,0.031678775198561,0.2942880307772,0.354872606570211,6.71436393759645,0.005002732932524,0,0.142492535227315,0.058855540943883,0.014383377496734,0.472581210376503,0.018608517723352,978.118453903599,9.96827709241869,0.320829441646365,0.285921880536384,1.81445957703426,0.498307575831332,0.175439762110607,0.202211397337641,1.96312267244625
f049_m139,rap,0.02713949887113,0.644693145742729,6.26248804186843,1.94988313698353,6.95282104985855,0.379555758994411,0.29753721291618,1.00737412188317,0.347722982551379,6.26248804186843,0.011717565733534,0,0.895396379148617,0.06835943222443,0.016566699197941,0.018633879160614,0.019871353695015,218.176485120197,6.14905966453427,0.007581953737984,0.014632913603169,1.81266144926069,0.674960125385192,0.208327714315381,0.013745379940249,1.87460943417754
f049_m139,thump,0.61459050472335,1.0767729014635,2.40981968044951,5.9659641988735,0.516122203810258,0.541065777036534,0,0.562298993787415,0.637385024880798,2.40981968044951,0.004458749933621,0,0.128851227490365,0.061221999162875,0.019881352014369,0.464214464307522,0.022376068929711,986.215277873637,12.1427182730305,0.364836976089216,0.271773403040894,4.143526400135,0.606664628071058,0.211302699122916,0.202496048664803,4.20680473746483
f050_m067,rap,0.027456737808359,0.883290534890491,3.63393390915518,1.00882375766644,24.0629588096763,2.45931428400536,0.384775744740254,2.55066126301137,0.227874154904889,3.63988177445344,0.010362388222757,0.038519764768649,0.739800896841622,0.081186103365203,0.033156189978919,0.022769264319342,0.032506938285447,18.5539232905812,1.22931809409592,0.010779416678241,0.020319700954035,1.23878261170441,1.33684900246648,0.370254648310117,0.01617823974211,1.55874846599831
f050_m067,thump,0.471185443689954,1.12917110232442,5.79834917123491,5.15546262927815,0.413987847169223,0,0,0.811169487255268,0.864703318726909,5.79834917123491,0.004050531029654,0,0.081080585323037,0.098324964628363,0.039103790694889,0.377539884816355,0.045133219617409,562.885365417932,6.96042933754398,0.332125131124221,0.289346676430954,3.42463949162397,0.680715082230028,0.15450724925992,0.155251573612899,3.56971521074406
f056_m110,rap,0.018317697323636,0.333264532756295,4.43699282609171,1.55997587313292,5.68676230887882,0.04214999489335,0.198578466506033,1.2100938193647,0.31794553661011,4.43699282609171,0.009193816555131,0,0.284583263514157,0.038710661504285,0.011275801905112,0.019104994082444,0.00942578704112,89.9736932472218,2.99565756675044,0.009749184852456,0.015217127493049,0.704938604958743,0.298961708855388,0.110076581273345,0.015816576849196,0.695852344270313
f056_m110,thump,0.175261901044624,1.53526290669266,5.44690628749108,3.31729646787139,0.535266347834384,0.648951095038378,0,0.446598512594631,1.03525669530169,5.44690628749108,0.001506000180301,0,0.519258500529325,0.075667682503994,0.017584114930898,0.124865862337329,0.020368404348692,448.737374272367,5.45298706271287,0.174398794507651,0.24581078646466,4.61485015016799,0.982979446329453,0.179773964366152,0.148975617690272,4.68445429627015
f061_m053,rap,0.029101503926481,0.224852085217841,0.773670117601235,0.850960959520946,8.24279556189778,0.625122997508721,0.52432074403674,1.06397375658804,0.235521931641072,0.761358573634129,0.010304134846132,0.053022240617526,0.217542472419242,0.034515933749254,0.010438881744214,0.018816007274112,0.010064921139986,7.94595602408274,0.550237676504538,0.009188557351586,0.016905454037851,0.249921594845313,0.144777905585041,0.085383390574043,0.014618394783964,0.269676653710872
f061_m053,thump,0.228743431755272,0.030736905489082,0.182715287404258,4.9674251378355,0.036607805981227,0.06090509580142,0,0,0.318044669407525,0.182715287404258,0.002063160661855,0,0.005047525909969,0.063347254008724,0.048583171531139,0.1052092133975,0.058271805305315,1289.16259515054,14.8250667840741,0.048108304453662,0.064507798861162,2.40170568134704,0.816069181161542,0.07632922429995,0.057100908943842,2.3253764570471
f062_m025,rap,0.05134526870306,0.318572007371739,2.046991185276,1.31708293035845,6.02763669063656,0.261403171476656,0.2735920969755,1.05315682640283,0.311229233140727,2.046991185276,0.017452763104651,0,0.337469585212179,0.038998906736841,0.016257861615406,0.036858863640963,0.013135007409304,79.1132005798421,2.55792052234031,0.011913549852143,0.034120848361996,0.544587392329479,0.375226733535125,0.174696959195103,0.027017006005091,0.575789786525768
f062_m025,thump,1.06515798278103,0.699914745195462,2.95183596455696,4.89816459519832,0.217267065551284,0.84304621527028,0.038416157715842,1.21665054843717,0.614875694795699,2.95183596455696,0.004625889022049,0,0.131141113856735,0.067895963745179,0.028014044359593,0.71434873906303,0.031093390155268,1114.76637335072,11.32616433478,0.593293329591873,0.433986348825204,1.0092446511462,0.499218521795385,0.067074975686544,0.216882736349279,1.0539999543174
f068_m131,rap,0.047892879531614,0.750928272908151,5.34943016529219,1.81284986565233,19.398736107346,1.99186080194516,0.137727863624717,3.24769038757795,0.348895745062992,5.34943016529219,0.011813590563202,0,0.699082777052822,0.073257338236486,0.021560390700962,0.031136087136877,0.01681761989104,177.569345297978,4.62353137843718,0.01500949326213,0.027900515496168,1.19763224813173,0.798921188108498,0.365460949243248,0.021767302618332,1.4946121226112
f068_m131,thump,0.07898430848356,0.219334623862034,6.51684525075188,22.8344527672359,0.127073212525227,0.487240766411355,0,0.243620383205678,0.145937555656216,6.51684525075188,0.000633907228653,0,0.029194516140257,0.007993729848549,0.006009177101392,0.111884789655119,0.006317273472973,1686.02007929516,11.3740723790494,0.10767494380152,0.020849858179336,0.471233760254652,0.143989783482646,0.007168150419652,0.004209845853601,0.478401910674295
f071_m060,rap,0.035527411245834,0.500618221484537,4.2062338290057,0.974791484666598,11.2209608448894,1.00606509397493,0.421762059456633,1.62151859983046,0.175151585454509,4.1604419721323,0.010551108133403,0.349146969936112,0.467874995939353,0.052392568402228,0.01071529530912,0.029165885849566,0.01141642886304,3.91607835906011,0.271491003028118,0.010486894295326,0.024259186852954,0.920441580674151,0.862245141190535,0.23724171523852,0.022812117828374,1.13436552797852
f071_m060,thump,0.712525235593899,1.03278581578307,7.56758288607465,3.61528538450921,0.238402567670723,0,0.046221184423077,0.553437432451206,0.408469633815013,7.56758288607465,0.004347404224806,0,0.159559475970059,0.051779530034901,0.010322954172583,0.458293898776141,0.012868405500497,76.6632614657988,1.86194989784183,0.253030402295729,0.325291837831817,3.07574343153404,0.979925166409647,0.418739914271069,0.237492059086961,3.31610852309496
f072_m086,rap,0.025186011122622,0.252172469026637,4.82813851404419,2.19462367705858,28.4863099285525,0.19760222390023,0.321443244608402,4.82750564078495,0.163009216957188,4.82813851404419,0.010573666860895,0,0.389134263318661,0.031493981101825,0.010137336305631,0.020388086835462,0.009168862437357,162.89532878741,4.54699359334912,0.008690097944949,0.017696116300368,0.578235025813706,0.323547799656438,0.150138064477712,0.015013864251656,0.538517603337115
f072_m086,thump,0.748780584402193,1.22793968586583,5.15645103256898,15.813228055321,0.056129954880542,0.048287080579374,0,0.078403166897708,0.689365277700816,5.15645103256898,0.004792551140098,0,0.087000272283116,0.077359504866489,0.038650818791408,0.521514518639179,0.044292511474928,308.371511843731,4.37730760513208,0.308802976451389,0.393683873479665,3.58154061156836,0.816099972372417,0.189680860547357,0.329823665550196,3.75958490864161
f074_m166,rap,0.024579006763227,0.216311378667272,2.12026033732505,1.9245441151506,9.62684981060503,0.079998668879659,0.067834153472455,1.98748466585442,0.138252023652964,2.12026033732505,0.011892747369487,0,0.154246540401237,0.02778565972844,0.008087616180957,0.017212040882934,0.010486693026087,39.6281456270035,1.27744250420822,0.008485323088803,0.016564227154326,0.37692590981335,0.176236385622397,0.059108150082454,0.014772207412379,0.421284916074254
f075_m064,rap,0.025725184092292,0.222719950812915,1.88236733116074,1.84548723818276,5.49649404055503,0.427912623179242,0.285108976787051,1.16648929358557,0.158913699434687,1.91343346340289,0.008526035959875,0.132555601543814,0.214104370264846,0.039586143685545,0.007456453833048,0.024638736017157,0.010288330470523,116.052027998231,3.09089053226887,0.008734379818323,0.023746600169926,0.399071098857751,0.25410731145664,0.142971105379177,0.02208942658661,0.46541270335658
f075_m064,thump,0.464954691977396,0.526966192240293,2.59681201276401,6.65774123801705,0.662802210513997,0.250378470996217,0.076832315431685,1.38588767354906,0.565781711772432,2.59681201276401,0.003243422744986,0,0.203823364227585,0.040426959337888,0.01499651071084,0.3266265870294,0.016122790137707,999.650200170897,12.9522637065438,0.230173843806345,0.221922701374879,1.57454592094049,0.411777152948978,0.226619605728003,0.274041552547319,1.52701386195082
f076_m192,rap,0.06980850450186,0.863833296664314,2.55133091925169,1.15898117792827,11.6192850945033,0.153761958390516,0.210460715000299,2.7421180228262,0.433790298226137,2.57482218684464,0.018215046389377,0.038519764768649,0.235444998957165,0.105688702585771,0.018647563804439,0.038231665105405,0.024883948554003,33.9902370194886,1.41002455280846,0.011889025380784,0.033685574535877,1.49042834454438,0.82998287321766,0.243412806728145,0.030749101689733,1.70829705521053
f076_m192,thump,1.02992985419537,0.778876278451901,6.8088863539149,5.08015581079956,0.50102460954946,0.270361439563176,0.053230989596335,0.818512205211414,0.555865654641116,6.8088863539149,0.005344725479934,0,0.15355669067211,0.078350463259194,0.029178206817447,0.688713575418214,0.030893868109508,874.929774075771,10.6622726963318,0.38924602532968,0.507980363964105,2.93405062928879,0.914551016414353,0.237953865713822,0.370254983437963,2.93033309777947
f078_m111,rap,0.038443517664614,0.833472948596973,5.20917841795645,1.97928892184815,15.3292041592645,0.710530447998077,0.270372615972948,4.1053354110846,0.44091685566982,5.20917841795645,0.013988849699908,0,0.496972787340974,0.080415427324824,0.024943126031728,0.0368622249629,0.020252132231793,51.7556033594197,2.32191898029542,0.011933278468757,0.033201130229289,1.43561891276557,0.701683325027151,0.368442380402386,0.029642072858001,1.66550821872672
f078_m111,thump,0.897736478888212,0.988982646829434,10.6084485843108,4.68669119485763,0.162813851859622,0.348101617380542,0,0.248644012414673,0.525435597254134,10.6084485843108,0.005900753818878,0,0.099250508738585,0.045120297588042,0.015903713735429,0.685569884929853,0.012342163013832,307.824930421804,5.18664227397566,0.645384522569155,0.367255712038725,3.5716461666518,0.487306900070051,0.165875006654501,0.060192440691118,3.73587458764328
f080_m032,rap,0.028370823094952,0.279744074805369,0.494479577668444,1.10126885116815,5.69883840591325,0.611226832610079,0.528507302503196,0.599666591415906,0.32146287838109,0.45782350044883,0.02943955252016,0.115559294305946,0.234053933537992,0.048106343611036,0.03220125530731,0.017823691012216,0.013833374465363,8.04256704030142,0.552566805574678,0.007606488098742,0.015876750807695,0.404258171071414,0.147031890486168,0.099384860064699,0.012693067932064,0.406188608871008
f080_m032,thump,0.269598490223822,0.01362121807344,0,4.24264068711929,0,0,0,0,0.291000956629675,0,0.002388270306995,0,0.0077040416192,0.051366668952916,0.045501630636255,0.14212371989977,0.054977985832423,1379.17872346879,15.1276363247315,0.052081000373574,0.105675338903652,1.84274770126443,0.739173042883115,0.076504363078665,0.0900427195262,1.76624333818588
f081_m059,rap,0.027189787242599,0.267164634587824,4.56939708172747,1.97479921644758,25.1754427856527,0.290784278318104,0.065645559080974,4.28355864213569,0.194589442898171,4.56939708172748,0.010369329340248,0,0.335164923217207,0.031828537183502,0.01145501249982,0.017334145941861,0.007745309155091,55.0622401012569,1.85746514244368,0.009138831308053,0.016897606071648,0.562711228889854,0.171837393873178,0.031063773161486,0.0152703984042,0.581505738649288
f081_m059,thump,0.219353089377571,0.395425736785408,9.77170968789664,9.54949491075933,0.466870093182144,0.848309822381266,0.03813053176337,0.125148075136812,0.209983360032768,9.77170968789664,0.00203041568861,0,0.139902091304873,0.054255589326691,0.030003728238377,0.185570264110449,0.033913001531643,129.661073958279,3.43359078123705,0.10801382727778,0.124272271288488,0.840284160663001,0.542916680340002,0.212362568016975,0.142534182952144,0.95775291396818
f083_m038,rap,0.03180682583609,0.589173384681606,6.0481776741432,1.30754489940325,12.9872995871014,0.4689463404594,0.292198592112985,1.76927937774599,0.371863292986356,6.09110417718454,0.009104779669835,0.177347307919094,0.45389572169986,0.064818336465892,0.017143308843077,0.019992061442593,0.016467004708323,13.6470167290951,0.78137072743247,0.008180108972009,0.01930339311198,1.19073033635238,0.298508066579756,0.19346433533246,0.016977352400307,1.3428153606134
f083_m038,thump,2.82940424653176,1.13447918557321,8.75322093267015,4.88861044054839,0.437094154534735,0.265993439147009,0.019335708692924,1.05018657331754,0.579980678234609,8.75322093267015,0.009504837862309,0,0.250039026928154,0.042398617322267,0.018981605601057,2.0707749345977,0.020392778283662,921.209189412189,10.6180079171588,1.59353471421673,1.23565953108083,3.72106179186363,1.47011169688569,0.303113993235472,0.505449692305216,3.73190356147641
f087_m027,rap,0.045817340177618,0.439186823405467,1.49406099342752,1.38444812050129,8.0106455862987,0.113427807500451,0.162623359428407,1.40530472797717,0.216649382898387,1.49406099342752,0.015706639664728,0,0.252649856514816,0.054402118841151,0.019893108677402,0.031907184177415,0.015596811626384,54.7242828169321,1.88982124554387,0.014122640601099,0.028065795075263,0.785047848591841,0.421430004867957,0.174271531150285,0.023851086795978,0.911014046443715
f087_m027,thump,1.24476868195345,0.675249928657913,7.37337546529472,17.4831948301126,0.165915819290553,1.73099435349907,0,1.7434911282515,0.760802556725099,7.27525662603441,0.007522886861005,1.73338941458919,1.71786001503264,0.062270953882913,0.028937409183399,0.856384249952591,0.032276001286174,1025.62487299916,10.7237764292818,0.632030546499648,0.528744445488623,2.64973722263775,0.588784963871351,0.054411880311188,0.295213697543194,2.63291683820601
f092_m114,rap,0.049398777265556,0.459727917751791,6.67541580558669,1.83282935682401,42.0949487106333,3.26431457734845,0.221084904213829,4.76855355506967,0.405582201482544,6.65723622583463,0.016313005460239,0.093835052457844,0.432201796545233,0.049204472388285,0.019474994947026,0.02337715723162,0.014283672788767,148.031876961112,3.84482362732991,0.007233811893895,0.022963327804976,1.02987409013196,0.401197790365873,0.092674273757395,0.02020268705762,1.05678696860131
f092_m114,thump,0.730387049291704,1.18397126060231,6.24159710814219,4.11717442701853,0.180088371236395,0.305197898211718,0.035487326397556,0.670960671787777,0.592720922853033,6.24159710814219,0.003714100053615,0,0.040105580906503,0.055431824393866,0.021361250367332,0.509310027817636,0.024706775966684,1135.71141824748,12.0392603010563,0.366689882967469,0.291147446185971,4.79817206949122,0.600494560688615,0.070006786838292,0.242685708773452,4.80050740183103
f094_m177,rap,0.028732894962133,0.347986941006738,1.27855663169941,1.67835433192315,8.59314240094524,0.523850912112545,0.559189371029747,1.46558387069348,0.309140410492382,1.2763635327687,0.013546914441385,0.181697367019345,0.323922882422189,0.044865010856792,0.015254071136463,0.019102209146373,0.01610080907724,7.91995615716769,0.56539156815826,0.005186544145181,0.01868033045028,0.443076414156181,0.241210653809724,0.151233568375299,0.017740316567447,0.531629471584561
f094_m177,thump,1.01725806896647,0.29946593041882,2.16355937368239,8.70117829819563,0.556165296152456,0.08147348409976,0.035487326397556,0.981458637999924,0.430137424341517,2.16355937368239,0.005201401087709,0,0.279892904920165,0.035766379707783,0.020040582238905,0.756947789723206,0.023197631424217,1278.84900948819,16.1476999126611,0.662414508143276,0.435080046827558,0.381187027150266,0.430594800364485,0.307504019452441,0.251617556246126,0.476903067302715
f095_m159,rap,0.024478292324796,0.338346054553775,0.990931316900259,0.730755794140212,7.97057593081826,0.480360398578324,0.290747125912857,0.868225136181283,0.440725534335684,1.10935655428947,0.009323851515485,0.18557784216134,0.282764371891234,0.048050696704271,0.015296357291511,0.017933698614262,0.020737693770019,14.3667768194038,0.791652444914161,0.0085149697715,0.015739891235459,0.801580136832493,0.384515399717072,0.107159787719015,0.015042051063143,0.85157932311867
f095_m159,thump,0.549458000611477,0.778854924982036,10.5753416809724,6.95782497633581,1.09721383334113,1.3626054859449,0,0.80200703390942,0.778968330383668,10.5753416809724,0.004105533119742,0,0.501932775199557,0.041114524193592,0.010802608816125,0.393350796923478,0.009831322199971,428.848812907614,8.06011883137641,0.592155801818379,0.229063046828457,2.10198336352633,0.104408752779584,0.199753358416718,0.210855510821011,2.08308078248642
f097_m085,rap,0.034098364279341,0.348002896353964,5.87250903881783,1.53576926606205,7.680554395526,0.019259882384324,0,1.68202908339752,0.281611312419118,5.87250903881783,0.009828848026201,0,0.244944227415973,0.035557495092375,0.019151010551675,0.024759317240625,0.017421888938626,161.142837100372,4.23400518548323,0.011156862117061,0.019423655129446,1.29411715089874,0.39803442548231,0.112655104880907,0.021021526495089,1.32660098502681
f097_m085,thump,1.35571466925933,1.07915316886632,3.86778238358544,21.1258625421812,0.219153142172364,0.297145908990988,0,0.319036878933239,0.697109817563523,3.86778238358544,0.007987179177287,0,0.051638468901366,0.047046645869006,0.024980129861564,0.938166865173835,0.028025012524424,1085.55240559201,11.3687717510561,0.647200335212499,0.561207589615144,5.82855179705033,0.105733738012038,0.033969440691405,0.313588022851797,5.81184645242664
f101_m134,rap,0.085464683705585,0.363412946341979,4.08964047429605,1.53040925758857,3.18833040748147,0.583913735743769,0.09667854346462,0.985597424059792,0.292257015679729,4.08964047429605,0.01731459939991,0,0.295576687617402,0.053202962559369,0.015261264223603,0.048284851828998,0.013621412735186,225.64069802999,5.01086392581705,0.01791457571747,0.040466623026978,0.973307074542192,0.271985660568429,0.159897559137531,0.034305018268314,1.05506543363262
f101_m134,thump,0.947542755844802,1.59751609115895,5.2324307726642,4.06685722436276,0.140427284788315,0,0,0.264521411026494,0.925082637662454,5.2324307726642,0.005416909702715,0,0.050600363057663,0.04509311738544,0.019982139788641,0.744059912464927,0.023079699508433,364.89535040595,5.28037567042102,0.455760757103248,0.529186557724897,5.26950357318148,1.95309302407569,0.094879062813612,0.367210035448675,5.2837368162126
f102_m195,rap,0.035297818609919,0.292695681130822,3.98408424466406,1.41618827945133,5.24262788531434,0.682500460543458,0.180678504424585,0.761358573634129,0.241976078983095,3.98408424466406,0.012599950567951,0,0.413247473624925,0.036923630174279,0.011337627893236,0.02591037481147,0.012637954896146,10.2760379644925,0.548274747677955,0.010957885388741,0.023608956677974,0.575585965852032,0.269005308243874,0.076198192486295,0.019063267783805,0.612396919763025
f102_m195,thump,0.958555520694421,1.23721432083071,8.57188334795919,7.24241716733619,1.78918013121614,4.49908630732287,0.110096534790608,0.66909583633208,0.44648442586027,8.57188334795919,0.004992944925687,0,0.257427473565068,0.041450885096855,0.018208472567167,0.710433999233697,0.017622207338931,706.024357714037,9.50402752001862,0.555509053362311,0.448323767484609,3.09569627044932,2.131268628229,0.083154846246309,0.244537507422787,3.11918884533375
f108_m170,rap,0.032583427412611,0.395616167147954,5.00088052576583,1.35076338709595,9.13254496076445,0.247239788834222,0.264523445047732,1.51177970204921,0.265992285372373,4.97300653167526,0.010630142307191,0.1733952477594,0.473894009788395,0.056615145064535,0.018284568431409,0.017867989691793,0.015376115382513,17.5749795586953,0.901262811784095,0.00865389304206,0.015534828094883,0.838042755624307,0.364086709064729,0.108491367056303,0.015894766975643,0.890919177504978
f108_m170,thump,0.573310602146812,1.04046679767751,6.044487699283,6.14455714298478,0.174586413307816,0.361193071752395,0.033160466835642,0.294323150310544,0.589825996183923,6.044487699283,0.00347275536094,0,0.088765880405932,0.057116644646877,0.023787380702524,0.390343821127832,0.029085719588768,249.718070779281,3.52303264727752,0.242577212398138,0.267770199902559,4.09796609317333,0.3148977977499,0.016119994995848,0.200231734490592,4.10350166900073
f115_m174,rap,0.021365638492812,0.901786673039568,3.15561223953806,1.45780091727283,11.4620801705013,0.940999550177977,0.690337392145733,1.97152661449345,0.460988236797608,3.11629107034166,0.011195906535153,0.161502801148251,0.905082934473234,0.089602695788504,0.025063309881663,0.019270286041799,0.027635936153834,81.2737558953537,2.8748687525652,0.009650298815045,0.015792836271104,1.31023228724863,1.00432101456709,0.511720344361142,0.012840958281864,1.59782654030339
f115_m174,thump,1.08708124779622,0.657539259603068,3.64645444707558,6.73257037684463,0.828024069559784,1.55287565544339,0.071526993053775,1.19658711541971,0.3936169644242,3.64645444707558,0.004733455904455,0,0.332367027126267,0.044991321210882,0.029670291895134,0.772834971837229,0.034009585870083,288.102729429934,6.11548243090127,0.613203318143669,0.433184831097224,0.880409624663406,0.725355273934278,0.286591161481978,0.229033422622951,1.08873317117431
f116_m186,rap,0.020876201344419,0.308755059579899,1.26263800931707,1.10920975470261,9.82661656399254,0.773165259237184,0.331360237987976,1.74461055200888,0.198833429877452,1.26263800931707,0.006800930996912,0,0.440435277438546,0.039014132421161,0.009019393807679,0.020078040905754,0.010346238377075,36.7578862748303,1.42606389364936,0.006115272871942,0.018831880883842,0.540680674578752,0.490413794523002,0.176586140637329,0.018430380396746,0.627117343508273
f116_m186,thump,0.706939537707086,0.744640322163538,2.4509805935494,9.43230415428227,0.078182074823781,0.135180719781588,0,0.038519764768649,0.530972196501721,2.4509805935494,0.004557237995945,0,0.060244987997239,0.081290883060216,0.019906621364151,0.427895408931353,0.022752713810379,854.026341173023,9.06288513357195,0.264771581417178,0.291049453373218,2.0324412570925,0.280258829870394,0.043925587449636,0.229815635056789,2.02624590404555
f117_m120,rap,0.029623733026526,0.227227390177589,2.02262068856626,1.58032247690481,6.46809799982535,0.349566097336749,0.251364213008012,1.26201936475498,0.168711167258241,2.02262068856626,0.010097088718238,0,0.196399835056475,0.030229191268356,0.009833789813871,0.020986747276304,0.007760336227313,25.5001955576469,1.02865729508433,0.009164194045537,0.018232630815673,0.424697686900682,0.174079476761668,0.131052306720235,0.018775653161528,0.460679870738761
f117_m120,thump,1.19613002552745,0.781887188762713,6.79885669521432,5.00603847083906,0.067140635966348,0,0,0.1394772497515,0.727039625177113,6.79885669521432,0.006438791120891,0,0.118000078057854,0.056483751166847,0.017323463671836,0.810714200381917,0.019666147752975,303.941784718434,4.77881687005617,0.691424318421004,0.36236339291646,2.81988694440505,0.575359435791648,0.142344819437109,0.161988037577289,2.84404931212061
f119_m126,rap,0.021185023929673,0.740064745409595,4.68826510830417,0.897280520775156,29.2670284350365,0.161905250815714,0.087723903418829,2.94583872854412,0.296540979124131,4.67768053531124,0.020290964295252,0.046848121566326,1.05083748117847,0.063817220942028,0.023329597332971,0.023033901334075,0.017576431558532,4.8548612087548,0.5364882492364,0.016276481591865,0.018967487052053,1.25651129579553,0.939635764550245,0.510931336376036,0.015287621303084,1.60679443811253
f119_m126,thump,2.37731274257263,0.584584546713989,7.79761260176087,4.25310087431037,3.0111700036954,3.98749341432034,0.047362620112761,4.83787390395021,0.158615704005494,7.79761260176087,0.00949495644366,0,0.681544249049332,0.021578669002722,0.026661873373101,1.72117654809773,0.02228883986184,74.6336496709296,2.32968790594845,1.2613950492402,1.20022608553551,1.53521258956785,0.67656215402286,0.4521849600478,0.470999784376967,1.75664627130706
f124_m198,rap,0.032146721636609,0.353545272207713,1.58290975556795,1.7529413261872,10.0559859604159,0.222642556738951,0.120588394539786,1.80822231046901,0.172026220658748,1.58290975556795,0.012497727723837,0,0.175558983260857,0.04809387507621,0.017024183916866,0.023038455843007,0.011590015690726,47.1452852717464,1.70421654619268,0.008093776217005,0.021139701451193,0.527417170955681,0.42235436290659,0.157043150641904,0.018340231419931,0.652345253046333
f124_m198,thump,1.07395114451535,0.834572079073639,6.6277962784111,3.53694265412704,0.560428584706632,0.994893347324265,0.019335708692924,0.369785518096489,0.588436030429609,6.6277962784111,0.005048155502627,0,0.118334647027871,0.074533448630671,0.022884373577561,0.706460744808267,0.021999888136631,458.88919309048,6.53312643039605,0.553713307737151,0.35540794574138,2.96131752089512,0.572746519943846,0.118358245070016,0.222743148434362,3.01921665031021
f125_m121,rap,0.025272303763851,0.37944499187634,2.16902084513185,1.62780967684971,6.61530589243351,0.595091162273249,0.659312002287929,0.948027431384695,0.344515830125316,2.07647408430316,0.012747420004864,0.377906181136712,0.42551991644884,0.047981357520249,0.013166149474727,0.021608730137143,0.014280489855635,15.2722456528401,0.967810880076808,0.010533604962922,0.020481922667558,0.750728957036897,0.331853489360962,0.268634953294724,0.019930972143843,0.739631413277597
f125_m121,thump,1.19594471963876,0.315476203006454,4.15354751237892,7.86396427638507,2.19731441489305,0.583779979302719,0,4.92238800587681,0.384025941682578,4.15354751237892,0.006849765771932,0,0.258894227498128,0.032142064854037,0.015805866042734,0.845718269382884,0.014187848987718,581.814623443907,9.07537328811124,0.633265215554572,0.490880163252877,0.5422235904726,0.247071121267036,0.284136060059934,0.255719898108739,0.522863163902077
f128_m140,rap,0.031273397301022,0.223835679602651,6.28108438848547,1.68802885555936,9.41611945636678,0.085678282612221,0,1.54688594423648,0.235622605753186,6.27976478835529,0.011081379583017,0.019259882384324,0.401419497182162,0.033046971907221,0.009286637031107,0.024823398731101,0.00932130562649,169.813011670446,4.47410834838948,0.008797991883683,0.022702473423242,0.478342608019133,0.151066960481788,0.111051939387263,0.018430932466336,0.466433810106479
f128_m140,thump,0.975160322701782,1.11669205520727,4.17266234408034,11.5546278030373,0.241140046132439,0.19381142023236,0,0.406191546725228,0.622599262349222,4.17266234408034,0.004951989125228,0,0.069957973630587,0.055538626384776,0.028742142631742,0.722867918579482,0.030150775701137,715.54893791481,7.63026338587774,0.479751971573598,0.503412344630913,4.95129993133676,0.489318866162663,0.050447377339925,0.298187893584935,4.94414386042443
f132_m138,rap,0.036044199555798,0.286546502757243,3.10925702211569,2.10121784658602,14.0338288145599,0.262744091385667,0.257741595717812,2.62748178153948,0.11080498123664,3.10925702211569,0.012182834409771,0,0.315929229627305,0.039400045612177,0.012727460687076,0.025781565094449,0.008384444368489,82.4864567549302,2.33443731167308,0.015175400004186,0.021125910928627,0.759874260204324,0.308052590050688,0.088629622102673,0.015661590711023,0.772407682433081
f132_m138,thump,0.261212620687301,0.450062963636898,6.51684525075188,2.77112650266165,1.4220184996577,2.80163440686529,0,0,0.336685029253195,6.51684525075188,0.002170201850504,0,0.001554634577514,0.002252851342265,0.00783125296777,0.258001180925177,0.00688149601501,39.4621393654206,0.093158948036482,0.105968878367924,0.229777170129371,2.10266145845844,0.053095777899074,0.041992347129973,0.152032302557247,2.06066911132845
f137_m143,rap,0.039075644398185,0.191007858287101,3.38685830823879,1.86444451714708,20.3895531116681,0.258058215578259,0.133077473990837,3.23108036371498,0.247127557437443,3.38319879813619,0.015273791048189,0.019259882384324,0.185140284065135,0.036047968362243,0.013298011405493,0.023178156404168,0.006648935497086,141.562729126029,4.23069425949143,0.006952756921278,0.021738118597053,0.423790346781728,0.203308353033014,0.106760197106986,0.019986745264912,0.415003840720651
f137_m143,thump,0.746647660903026,0.841987251519375,4.45788164602301,11.1676363473407,0.477798619098796,1.50603491322768,0,0.403877870109638,0.589289372648751,4.45788164602301,0.004994728122146,0,0.053134209697541,0.074723689572549,0.023600172527373,0.409488028036643,0.027918862339412,559.976933982319,7.32446345499868,0.255196966027376,0.270866666433637,3.24948627432804,0.635053920764459,0.053622169555343,0.237439099337984,3.24629285735041
f148_m091,rap,0.024802909217495,0.473487028786172,6.66868715950511,2.13972424408891,27.0546886597832,1.73923074705842,0.352089901284422,4.767859540955,0.36465065532426,6.66868715950511,0.010255611105436,0,0.62616501143945,0.048218198022415,0.020255455428563,0.014745796055006,0.017425210227646,251.423868111138,5.91004342740168,0.006714709765116,0.014799965285046,0.948152281663558,0.360701748482447,0.211437485856411,0.015305185827354,1.04293872547575
f148_m091,thump,0.576260991045692,1.01027328518363,6.31840797121802,6.48826734829105,0.851496697294731,0.081353581924269,0.019335708692924,2.12697477068015,0.592651496977902,6.31840797121802,0.003029990090624,0,0.327573165879348,0.056500009882987,0.022688109656518,0.342355479285751,0.025669807766084,175.792143957199,2.83698427220054,0.268379489702249,0.166048616480749,4.74329711918284,0.4568802003026,0.031025704353423,0.179808390218704,4.7635064590979
f149_m145,rap,0.025577261349949,0.552519687796685,2.72236419641017,1.30363092274692,9.63192360989028,1.56140145885488,0.369541339953923,1.4777687301664,0.627648366931049,2.72236419641017,0.010399627688173,0,0.492498027447091,0.046436788921944,0.016661143657199,0.016965230654421,0.011068757314906,32.1334377991618,1.62735302211287,0.010212394745939,0.014614236389778,0.769371711564868,0.423145599081838,0.312371441285048,0.011695473674217,0.764648460394765
f149_m145,thump,2.20550768531781,1.47236846745294,8.61020452861232,3.18511722271731,2.3825624844422,6.76218988268075,0.064337165859651,1.12090908111289,0.997493078423171,8.61020452861232,0.006594585250276,0,0.127554680859054,0.048535253923328,0.018379443191361,1.51802494881741,0.016414179966954,164.264133612339,2.73374970362105,1.32078554093151,0.814963975183436,5.02987623455131,0.878315489043585,0.04298590416184,0.254418623287092,5.02399963367404
f153_m055,rap,0.02843947682396,0.405670199658977,4.54214190301857,1.5328661291093,11.6917534433604,1.69267384488986,0.377938984837754,1.44546398215293,0.285627904291408,4.54214190301857,0.014525017632578,0,0.327285556446639,0.047614117094736,0.014704494412021,0.019478438488639,0.016005571219889,14.2284835047526,0.839941653615382,0.007719867980563,0.01709862115125,0.921380548370107,0.423216071978415,0.161908949767655,0.014643943829525,0.998323055850133
f153_m055,thump,1.28056162368084,0.964563046785941,5.60831699371543,9.20320154463313,0.376498956942469,0.294254858480327,0.071389308627643,0.766979229315935,0.913532523411573,5.60831699371543,0.005996603762289,0,0.108713631795877,0.02963161473703,0.019434099437101,0.821447714620078,0.020070346316731,494.473383214794,6.02541952692111,0.672088689960775,0.375013598952309,4.12568263114167,0.388943007215275,0.069603545966715,0.26258320613283,4.0976410762159
f169_m193,rap,0.031693797410565,0.404399557356748,1.39257705129986,2.85516438331966,6.61217577605571,0.297422528410361,0,1.21227796780866,0.45257995298248,1.39257705129986,0.016698742182219,0,0.288614652269642,0.054843119713699,0.026292606058106,0.025931105853753,0.039735907175644,259.164322848339,7.01315257907403,0.010656377439379,0.024871989266393,0.726769303671432,0.743000427682855,0.343062698202807,0.022822575804929,0.981211469010509
f169_m193,thump,0.56548041197145,0.461463436742842,7.88203480266998,3.02300036882796,0.82691291612473,0,0,0.603368980591066,0.611728079896135,7.88203480266998,0.004639160847162,0,0.077458456717624,0.062446745746289,0.035289041330803,0.349455888392336,0.043103430897972,530.5516009238,6.86475031100748,0.303799950289043,0.167635496284959,1.66375340718259,0.534543100877575,0.038857664081118,0.083757511984852,1.69058722175256
f173_m160,rap,0.028465841114326,0.409180614165916,1.53848274486691,1.44507803261168,8.35292912565968,0.190509450811631,0.292097561074832,1.43677336586299,0.410473814452511,1.51896226704595,0.012590990988244,0.057779647152973,0.283842677920629,0.065387099449268,0.017037314385159,0.026523444194003,0.019259430734019,268.911434554765,7.31674576051385,0.007838963778652,0.027237243875098,0.744076112293277,0.25324764806339,0.208274311795151,0.023795512958153,0.728796375535653
f173_m160,thump,0.935088751633545,0.519398955184931,5.49031298412556,7.71542492579398,2.32678905190738,3.51936994348106,0.042315939755134,0.764940133010969,0.437398155072191,5.49031298412556,0.005789177060261,0,0.326112998932377,0.040470979756183,0.031728353488854,0.563886516023548,0.033420366368243,254.91353215325,4.25641245699048,0.441995301422447,0.26568344766835,0.816565458656203,0.419283703800152,0.116449265945602,0.195926958718554,0.907254584930877
f175_m058,rap,0.035095963108626,0.26916025468567,1.82100393494347,1.66092643497761,2.2392307130052,0.120115498874924,0.36930164607554,0.450082173122823,0.300930733998876,1.82100393494347,0.013362505314444,0,0.222948520088068,0.041977350050833,0.012329069348095,0.030007588755881,0.012189796219664,25.1885329520435,0.901079023271197,0.0090584230664,0.025863851787495,0.477066629284935,0.190615439946066,0.132946252223175,0.025553380825564,0.473062587166541
f175_m058,thump,0.839331332332922,0.447762524438485,1.90086252693683,14.7115502295147,0.633600346232633,1.30161981320637,0,0.166443955410461,0.444127750484016,1.90086252693683,0.004473228200297,0,0.061302280508016,0.044523320349594,0.034233813446016,0.514915678829396,0.038189589910471,410.24731209739,5.0156143386583,0.321801764749944,0.337307895715917,0.704157999584224,0.359217737768999,0.052497631844086,0.276364660513892,0.735760611206262
f178_m130,rap,0.03606771346674,0.458421988441193,3.85262517617511,1.38027988774603,19.7952850885045,1.46609664675769,0.459197639030184,2.94561228288705,0.199073969154933,3.85262517617511,0.012190085206426,0,0.625618772002479,0.057520621644761,0.011735664385411,0.029335076606759,0.014231358247289,10.4787355051715,0.598642535784139,0.009999134512734,0.024920192761118,0.632133350587053,0.611804673879086,0.301772466999564,0.022254323836297,0.766386233288591
f178_m130,thump,0.399859549199222,0.78456854930964,3.76378380452726,3.1686651711523,1.37187862994713,0,0,2.41197508403378,0.597058229442892,3.76378380452726,0.003389825456508,0,0.085459277095619,0.023467558504312,0.015906278539423,0.234245650233073,0.015929224965009,776.225183694096,5.68914064204999,0.168985642671826,0.19946632262302,3.90188415696341,0.436321375777635,0.065441586139013,0.112579157459376,3.87388222800829
f181_m167,rap,0.02056768879909,0.22647893912669,1.3788313771958,2.14608209736022,7.21908388687049,0.021533203125,0.086471918061024,1.42153937501478,0.195470917735322,1.3788313771958,0.008373792297794,0,0.193046400081479,0.036335068147523,0.009685894404033,0.02579002149227,0.011049028290451,226.596686911048,5.53560652199027,0.011302294659155,0.02531844755418,0.477491876391665,0.124594895280545,0.063922651346067,0.019431737639933,0.490102792463532
f181_m167,thump,0.789397703260091,0.684421002819733,2.90779578464957,11.4204161853924,0.174943688071303,0,0,0.731875530604326,0.813799779901158,2.90779578464957,0.00401475893019,0,0.03035740883877,0.035031470847492,0.017016655046811,0.583678393194313,0.018295981440837,694.712704866494,7.12711536441198,0.59284327204934,0.223386277042218,3.19699905322321,0.419662179592735,0.086630366151491,0.121495500070302,3.14024501233327
f185_m187,rap,0.038375596072362,0.395468952880973,4.24925423011781,1.39368956272111,25.4724023827071,1.81007843641291,0.188408963596459,4.18107581702469,0.346703524444251,4.24925423011781,0.012760091887299,0,0.272446790743686,0.048293078837489,0.020343270119361,0.026580028048563,0.018139588360537,108.377846641839,3.70430172150387,0.007439341373523,0.022894870215918,0.781444952368305,0.434348954738103,0.203565256693575,0.022149714975722,0.725790842522054
f185_m187,thump,2.43099360734682,1.86745663910871,4.73675859872091,3.68780971479172,0.223880393960002,0.078420951442997,0,1.34584378173843,0.825280889455021,4.73675859872091,0.009269986322913,0,0.056034494403775,0.070914764181758,0.03834362926273,1.75588643126935,0.039721651982703,962.266945872245,10.0874268768971,1.35040030870983,1.069151056135,6.01415712264525,2.06071535234151,0.055949424601294,0.515036214873857,6.03640729624591
f189_m179,rap,0.046927983028652,0.122763323444707,1.10740136699761,2.15240257867114,6.78706432944798,0.30815811814919,0.259415754183071,1.17089947677706,0.224268926663231,1.10740136699761,0.015519016055017,0,0.166007365026038,0.027564189730059,0.011410885837171,0.039883261988692,0.002924370023462,36.9494227494132,1.41656404307047,0.021477767502472,0.031299708181009,0.276333328640852,0.110395134230474,0.017433375967479,0.02002436574516,0.259585978406153
f191_m188,rap,0.028656928166344,0.267580784150426,2.94161956148022,1.30461230906412,4.32061454300911,0.202047670018305,0.207067485211306,0.417216869473217,0.170748311341612,2.94161956148022,0.008557745730298,0,0.191951326670592,0.040399421332264,0.010862245033097,0.017809165842628,0.009636278214899,38.732058280958,1.439374310825,0.008266478520529,0.016841408285059,0.558517380376363,0.207210411074839,0.055122205323356,0.0146292870395,0.588557548778986
f191_m188,thump,1.01373169395889,0.608650963557128,6.31489221911298,2.27958052344203,3.16887954228396,8.05063083664758,0,1.00151388398487,0.30643610275534,6.31489221911298,0.004849369553324,0,0.047866776380048,0.066499954466381,0.014931503264163,0.591572974076049,0.014234064512703,107.83181405758,1.27864383198155,0.480955856702811,0.33046643834067,3.29504483009298,0.373353828660401,0.013864073498444,0.12072342439618,3.29961331493723
f197_m123,rap,0.029957626245582,0.919046645675798,5.23518368447797,1.98732952039126,33.1661695432458,2.03011162539243,0.510727851311368,4.27152527525954,0.783757337893874,5.23518368447797,0.013401726522791,0,0.454008206823948,0.067467437364801,0.022956945812465,0.022877284117208,0.015421616667863,38.1518882633421,1.51805588503726,0.009112495273329,0.021592035074584,2.28527040656854,0.624989736522742,0.254578349858311,0.019404164776878,2.30413460666478
f197_m123,thump,0.990630574458633,0.989032836128814,1.68930255626937,8.20035974294005,0.08462044149157,0.161502801148251,0,0.026511120308763,0.745990666149472,1.68930255626937,0.005285165233223,0,0.035569385012407,0.07207430814841,0.030614389810743,0.688276631714653,0.031816317246036,257.771309426983,3.21310738624586,0.513779337945021,0.419225076160568,3.90155914930176,0.61653155991901,0.078505311531548,0.224289272807759,3.94386216384642
f199_m147,rap,0.033432711199581,0.528048137288103,5.52830142381563,1.60631727371341,11.7495512139563,0.944819696190981,0.201285025657391,1.66816541758756,0.444898315796067,5.52499493018415,0.011725223010834,0.077039529537298,0.500822695138498,0.071294153466372,0.016952374333144,0.02672650177285,0.018711053722037,172.282490203483,5.11516268134304,0.008147106491837,0.024708027137995,1.15259410299112,0.40995297460149,0.223193977906502,0.022959301666194,1.24020697029049
f199_m147,thump,1.06804468225552,1.32994466866887,2.79198376991443,4.92638962605339,0.609892486180731,0.846282134117333,0.019335708692924,0.693918691775473,0.654228191929462,2.79198376991443,0.005928873902461,0,0.089013711083727,0.116358833641695,0.029994455526653,0.703425333530198,0.032055287962488,1046.49191213146,10.0641937148903,0.545182237372238,0.429107346400071,4.71905830074319,1.63746564581751,0.082308105126376,0.225994079973688,4.74084527628393
